Keyword,Tracked,Campaigns,Min Monthly Volume,Max Monthly Volume,Relevancy,Monthly Volume,Search Intent,Difficulty,Last Updated
how to lose belly fat,FALSE,,30301,70800,0.9472909549386946,55766,informational,71,2024-08-29
how to get rid of belly fat,FALSE,,11501,30300,0.8242512792932701,20024,informational,72,2024-08-24
belly fat,FALSE,,11501,30300,0.8037587130659092,13734,informational,73,2024-08-22
beer belly,FALSE,,9301,11500,0.9760046306620171,11251,informational,54,2024-07-17
beer gut,FALSE,,1701,2900,0.8257812666709464,1800,,,
Beer belly woman,FALSE,,851,1700,0.8096944074129002,1591,,,
how to get rid of beer belly,FALSE,,851,1700,0.8280897564113833,1472,informational,54,2023-08-14
how to lose a beer belly,FALSE,,851,1700,0.8312348224992134,1435,,,
does beer make you fat,FALSE,,851,1700,0.803922553961082,1435,,,
how to lose beer belly,FALSE,,851,1700,1,1185,,,
what causes a hard beer belly,FALSE,,501,850,0.9561927372791722,585,,,
big beer belly,FALSE,,501,850,0.8489029160544497,559,,,
how to get rid of a beer belly quick,FALSE,,501,850,0.8280498452910481,559,,,
how to lose lower belly fat male,FALSE,,201,500,0.8212008927748146,492,informational,67,2024-07-17
beer belly causes,FALSE,,201,500,0.9759224135282587,483,,,
beer diet,FALSE,,201,500,0.8223800618383555,440,,,
get rid of beer belly,FALSE,,201,500,0.8273545929934562,365,,,
beer belly man,FALSE,,201,500,0.8437335477145854,346,,,
how to lose a beer belly fast,FALSE,,201,500,0.9248926202738191,298,,,
best way to lose beer belly,FALSE,,201,500,0.8505740227942391,287,,,
how to lose beer belly fast,FALSE,,201,500,0.8536443935598401,275,,,
How to lose beer belly fast,FALSE,,201,500,0.8096944074129002,275,,,
beer belly before and after,FALSE,,201,500,0.9727373057787033,252,,,
how to reduce beer belly,FALSE,,201,500,0.8531993843000311,218,,,
how to lose beer belly in a month,FALSE,,101,200,0.9773324539349738,196,,,
lose a beer belly,FALSE,,101,200,0.821735658954011,185,,,
male beer belly,FALSE,,101,200,0.835988217996146,153,,,
man with beer belly,FALSE,,101,200,0.8311501447129871,153,,,
lose beer gut,FALSE,,101,200,0.8367908380448177,142,,,
how to lose beer belly fat,FALSE,,101,200,0.81102815208975,142,,,
female beer belly,FALSE,,101,200,0.920682765323596,132,,,
how to lose beer belly fat fast,FALSE,,101,200,0.8302693910600173,122,,,
beer belly pictures,FALSE,,101,200,0.9860588371302902,114,,,
beer belly exercises,FALSE,,101,200,0.9859464610502546,105,,,
beer belly meme,FALSE,,101,200,0.8056573346728415,105,,,
how to get a beer belly,FALSE,,51,100,0.8865709969081638,92,,,
what is a beer gut,FALSE,,51,100,0.8201308619639478,92,,,
what causes a beer gut,FALSE,,51,100,0.8198821387163256,92,,,
How to lose a beer gut in 10 days,FALSE,,51,100,0.8096944074129002,92,,,
beer belly fat,FALSE,,51,100,0.8433756976929452,56,,,
does beer cause belly fat,FALSE,,11,50,0.8501031151367023,45,,,
how to lose beer belly and love handles,FALSE,,11,50,0.8787116311102868,42,,,
can you lose a beer belly,FALSE,,11,50,0.8512858328338759,39,,,
get rid of beer gut,FALSE,,11,50,0.9604802857259057,35,,,
fastest way to lose beer belly,FALSE,,11,50,0.9101741560767744,31,,,
how to get rid of a beer belly female,FALSE,,11,50,0.8367908380448177,31,,,
How to lose beer belly reddit,FALSE,,11,50,0.8096944074129002,31,,,
how to avoid beer belly,FALSE,,11,50,0.8415208591737168,27,,,
beer belly liver,FALSE,,11,50,0.8329829909794773,27,,,
i have a beer belly but i don't drink,FALSE,,11,50,0.8295327000277154,27,,,
how to lose beer belly in a week,FALSE,,11,50,0.8911933430139987,24,,,
how to lose beer belly and moobs,FALSE,,11,50,0.8539662293715937,24,,,
beer belly meaning,FALSE,,11,50,0.8410736411107458,24,,,
beer belly myth,FALSE,,11,50,0.9683489942519736,16,,,
beer belly diet,FALSE,,11,50,0.9853950357855077,15,,,
how to lose beer belly woman,FALSE,,,10,0.9775114676777947,6,,,
how to lose a beer belly in a month,FALSE,,,10,0.9133502396459316,6,,,
male beer gut,FALSE,,,10,0.8154685577958984,5,,,
How to lose alcohol belly woman,FALSE,,,10,0.8096944074129002,5,,,
best exercise to lose beer belly,FALSE,,,10,0.8738482770244534,3,,,
how to lose beer belly exercise,FALSE,,,10,0.9507126387118241,2,,,
lose beer belly diet,FALSE,,,10,0.9439894539642759,2,,,
How to lose a beer belly in 30 days,FALSE,,,10,0.8096944074129002,2,,,
How to lose beer belly exercise,FALSE,,,10,0.8096944074129002,2,,,
lose beer belly workout,FALSE,,,10,0.9248701982765253,1,,,
lose weight beer belly,FALSE,,,10,0.865771460986027,1,,,
how to lose beer belly female,FALSE,,,10,0.8591273415811067,1,,,
how to get rid beer belly,FALSE,,,10,0.8382086741102459,1,,,
fastest way to lose a beer belly,FALSE,,,10,0.8271378765292672,1,,,
beer belly reduction,FALSE,,,10,0.8262182091589357,1,,,
How to lose beer belly in 2 weeks,FALSE,,,10,0.8096944074129002,1,,,
how to lose a beer belly and get a six pack,FALSE,,,10,0.8088437274928822,1,,,
running beer belly,FALSE,,,,0.8330121446726524,,,,
how to reduce belly fat,FALSE,,4301,6500,0.6055773855447723,4895,informational,71,2024-08-22
how to lose belly fat in a week,FALSE,,2901,4300,0.6309761465878879,4005,informational,70,2024-08-29
beer belly woman,FALSE,,851,1700,0.7547778686199714,1591,,,
beer bellies,FALSE,,851,1700,0.7451583588164371,907,,,
exercises to lose belly fat for men,FALSE,,501,850,0.6460774354416984,650,informational,66,2024-08-22
what causes belly fat in males,FALSE,,201,500,0.7214539486744562,409,informational,67,2024-08-22
beerbelly,FALSE,,201,500,0.7363795504477134,407,,,
how to get rid of beer belly in a week,FALSE,,201,500,0.7971041131349794,207,,,
does whiskey make you fat,FALSE,,101,200,0.7606252729009608,195,,,
beer guts,FALSE,,101,200,0.7429335989063948,142,,,
how to lose a beer gut in 10 days,FALSE,,51,100,0.7533209813490035,92,,,
how to get rid of a beer gut exercises,FALSE,,51,100,0.7245122596226783,64,,,
exercises to get rid of beer belly,FALSE,,11,50,0.6030039983164983,27,,,
fastest way to lose beer gut,FALSE,,11,50,0.6030039983164983,24,,,
how to drink beer to gain weight,FALSE,,,10,0.678629112010856,3,,,
lose a beer gut,FALSE,,,10,0.6014165641457307,1,,,
how to lose beer gut quick,FALSE,,,,0.6030039983164983,,,,
lose beer gut in a month,FALSE,,,,0.6030039983164983,,,,
calories in beer,FALSE,,4301,6500,0.499759666565879,6050,,,
what causes beer belly,FALSE,,851,1700,0.46426148163167763,991,,,
what exercise burns the most belly fat?,FALSE,,851,1700,0.45730140915326095,907,informational,56,2024-09-01
beer belly restaurant,FALSE,,501,850,0.45321366491908777,785,,,
what is a beer belly,FALSE,,501,850,0.49269484038320777,744,,,
what foods help burn belly fat?,FALSE,,201,500,0.44039612649992893,395,informational,65,2024-08-30
lose beer belly fast,FALSE,,201,500,0.47615670490219003,346,,,
beer belly bags,FALSE,,101,200,0.4531577682869335,138,,,
beer belly pictures man,FALSE,,101,200,0.4911137205387166,111,,,
beer belly tumblr,FALSE,,101,200,0.43446870075388455,111,,,
how to get rid of a beer belly in 2 weeks,FALSE,,51,100,0.46295185560013474,92,,,
beer belly definition,FALSE,,51,100,0.453169608284315,92,,,
small beer belly,FALSE,,51,100,0.4348410993091465,82,,,
hard beer belly,FALSE,,51,100,0.4347084448165265,82,,,
beer belly images,FALSE,,51,100,0.4347552596109219,73,,,
beer belly guy,FALSE,,51,100,0.434710069316496,73,,,
exercise to reduce belly fat for men,FALSE,,51,100,0.5718035544671279,70,,,
biggest beer belly contest,FALSE,,51,100,0.4531265550713203,64,,,
can beer make you gain weight,FALSE,,51,100,0.5517283615374622,55,,,
exercises to lose beer belly,FALSE,,51,100,0.4614984607668447,55,,,
men beer belly,FALSE,,11,50,0.4532970010409832,47,,,
best exercise for beer belly,FALSE,,11,50,0.43459240944872124,39,,,
what causes a hard beer belly?,FALSE,,11,50,0.45730140915326095,31,,,
how can i lose my belly fat in a week?,FALSE,,11,50,0.44039612649992893,31,,,
why do i have a beer belly,FALSE,,11,50,0.4367214174604512,31,,,
beer belly wiki,FALSE,,11,50,0.4343529562909446,31,,,
how long to lose beer belly after stop drinking,FALSE,,11,50,0.5552830312747673,27,,,
how long to lose beer belly,FALSE,,11,50,0.47976677166384085,27,,,
losing a beer belly quick,FALSE,,11,50,0.4761587448073697,27,,,
how to lose beer belly at home,FALSE,,11,50,0.4721966518119839,27,,,
how do you get a beer belly,FALSE,,11,50,0.45319772304568423,27,,,
what causes a beer belly?,FALSE,,11,50,0.4495369891274706,27,,,
what causes a big belly?,FALSE,,11,50,0.44039612649992893,27,,,
mens beer belly,FALSE,,11,50,0.43437598163851726,27,,,
how to lose a beer gut,FALSE,,11,50,0.5675004910213243,24,,,
how can i lose my beer belly,FALSE,,11,50,0.4803229197637224,24,,,
lose my beer belly,FALSE,,11,50,0.4767631260767446,24,,,
best diet to lose beer belly,FALSE,,11,50,0.47614231167472126,24,,,
lose beer belly while still drinking,FALSE,,11,50,0.4656435120910452,24,,,
it's not a beer belly,FALSE,,11,50,0.45416159594920025,24,,,
why do beer bellies happen?,FALSE,,11,50,0.44039612649992893,24,,,
belly fat beer,FALSE,,11,50,0.43461389739277373,24,,,
female beer belly pictures,FALSE,,11,50,0.43453683856458014,24,,,
beer belly wikipedia,FALSE,,11,50,0.43440876969750664,24,,,
beer belly gain,FALSE,,11,50,0.4531526257699452,13,,,
beer belly causes & solutions,FALSE,,11,50,0.4615064629799179,12,,,
what is in a beer belly,FALSE,,,10,0.4367214174604512,11,,,
men with beer belly,FALSE,,,10,0.4532970010409832,8,,,
what foods burn belly fat fast?,FALSE,,,10,0.44039612649992893,8,informational,65,2024-07-01
how to get rid of a beer belly without quitting beer,FALSE,,,10,0.4765724749776288,7,,,
man beer belly,FALSE,,,10,0.4348997297244999,7,,,
beer belly weight gain,FALSE,,,10,0.43447375193259413,7,,,
beer and beer belly,FALSE,,,10,0.4367214174604512,6,,,
how to lose a beer belly exercises,FALSE,,,10,0.4392878580822535,5,,,
bloated beer belly pictures,FALSE,,,10,0.4376661160603258,5,,,
beer belly central,FALSE,,,10,0.4347507854499101,5,,,
beer pot belly,FALSE,,,10,0.43448898545933934,5,,,
losing beer belly within a week,FALSE,,,10,0.5550427032889718,4,,,
best way to lose beer belly fast,FALSE,,,10,0.4657775932666537,4,,,
how can i lose my alcohol belly?,FALSE,,,10,0.4495369891274706,4,,,
lose beer belly in a week,FALSE,,,10,0.47623120192207546,3,,,
how to lose a beer belly quickly,FALSE,,,10,0.4888120798442622,2,,,
ways to lose beer belly,FALSE,,,10,0.47974785873865783,2,,,
beer belly diet plan,FALSE,,,10,0.4600501089515249,2,,,
i have a beer belly,FALSE,,,10,0.45416159594920025,2,,,
alcohol beer belly,FALSE,,,10,0.45317900158949187,2,,,
best exercise for losing beer belly,FALSE,,,10,0.4394171867423654,2,,,
lose beer belly fat,FALSE,,,10,0.4889257983957113,1,,,
losing beer belly in months,FALSE,,,10,0.4762173502739136,1,,,
losing beer belly diet,FALSE,,,10,0.47615380128700313,1,,,
diet plans to lose beer belly,FALSE,,,10,0.47612509876243,1,,,
losing a beer belly quickly,FALSE,,,10,0.47603538650811844,1,,,
how lose beer belly,FALSE,,,10,0.46644566654196284,1,,,
how to not get a beer belly,FALSE,,,10,0.46431493348269753,1,,,
lose bloated beer belly,FALSE,,,10,0.45492724980871496,1,,,
is the beer belly real,FALSE,,,10,0.453300148377095,1,,,
round beer belly,FALSE,,,10,0.45322969736274477,1,,,
how to get a big beer belly,FALSE,,,10,0.45317568489645293,1,,,
fat beer belly pictures,FALSE,,,10,0.4531484504382762,1,,,
beer belly fat removal,FALSE,,,10,0.45309552836746997,1,,,
how to get rid of beer belly men's health,FALSE,,,10,0.45186606307940763,1,,,
how do i lose my gut?,FALSE,,,10,0.44039612649992893,1,,,
what causes a beer gut?,FALSE,,,10,0.44039612649992893,1,,,
what causes beer belly?,FALSE,,,10,0.44039612649992893,1,,,
why does beer hurt my stomach?,FALSE,,,10,0.44039612649992893,1,,,
why does beer upset my stomach?,FALSE,,,10,0.44039612649992893,1,,,
best way to lose my beer belly,FALSE,,,10,0.439477244865925,1,,,
lose beer belly exercise,FALSE,,,10,0.43943487144481186,1,,,
a beer belly,FALSE,,,10,0.4367214174604512,1,,,
the who beer belly,FALSE,,,10,0.4367214174604512,1,,,
beer belly in men,FALSE,,,10,0.4348410877749183,1,,,
large beer belly,FALSE,,,10,0.4348031666164259,1,,,
largest beer belly,FALSE,,,10,0.4346809128371633,1,,,
beer belly no background,FALSE,,,10,0.43466675358325285,1,,,
does beer cause beer belly,FALSE,,,10,0.4346357897710477,1,,,
beer belly gut,FALSE,,,10,0.4343316202425065,1,,,
losing your beer belly,FALSE,,,,0.4767631260767446,,,,
lose beer belly in 6 weeks,FALSE,,,,0.47616920591487705,,,,
lose beer belly laser,FALSE,,,,0.47609744939076004,,,,
how to lose beer belly for women,FALSE,,,,0.46588299077796147,,,,
good ways to lose a beer belly,FALSE,,,,0.4658215051135699,,,,
how can i lose my beer belly fast?,FALSE,,,,0.45730140915326095,,,,
what causes a beer belly to be hard?,FALSE,,,,0.45730140915326095,,,,
how do i lose my beer belly?,FALSE,,,,0.45730140915326095,,,,
is it possible to get rid of a beer belly?,FALSE,,,,0.45730140915326095,,,,
for beer belly,FALSE,,,,0.45416159594920025,,,,
beer belly two,FALSE,,,,0.4533672956441856,,,,
the beer belly company,FALSE,,,,0.4533588371208341,,,,
picture beer belly,FALSE,,,,0.45324269874317363,,,,
get a beer belly,FALSE,,,,0.45319772304568423,,,,
fake beer belly uk,FALSE,,,,0.4531214212075025,,,,
how can i lose my gut fast?,FALSE,,,,0.4495369891274706,,,,
can you turn a beer belly into a six pack?,FALSE,,,,0.4495369891274706,,,,
how quickly can you lose a beer belly?,FALSE,,,,0.4495369891274706,,,,
how do you stop a beer belly?,FALSE,,,,0.4495369891274706,,,,
how can i lose a beer belly in 10 days?,FALSE,,,,0.4495369891274706,,,,
is it possible to lose a beer belly?,FALSE,,,,0.4495369891274706,,,,
how do i get rid of my beer gut?,FALSE,,,,0.4495369891274706,,,,
can you still drink beer and lose weight?,FALSE,,,,0.4495369891274706,,,,
is a beer belly easy to lose?,FALSE,,,,0.44039612649992893,,,,
can you lose belly fat in a month?,FALSE,,,,0.44039612649992893,,,,
can you lose beer belly?,FALSE,,,,0.44039612649992893,,,,
what's the best exercise to lose a beer belly?,FALSE,,,,0.44039612649992893,,,,
how can i get rid of my gut fast?,FALSE,,,,0.44039612649992893,,,,
what exercises lose beer belly?,FALSE,,,,0.44039612649992893,,,,
how can i lose my belly fat in 2 months?,FALSE,,,,0.44039612649992893,,,,
can you get rid of a beer belly?,FALSE,,,,0.44039612649992893,,,,
what is in a beer belly?,FALSE,,,,0.44039612649992893,,,,
how do i not get a beer belly?,FALSE,,,,0.44039612649992893,,,,
how long does it take to lose a beer belly?,FALSE,,,,0.44039612649992893,,,,
what causes beer belly bloat?,FALSE,,,,0.44039612649992893,,,,
how can i lose my beer belly?,FALSE,,,,0.44039612649992893,,,,
can i drink beer and lose weight?,FALSE,,,,0.44039612649992893,,,,
why are beer bellies hard?,FALSE,,,,0.44039612649992893,,,,
how can a man lose his beer belly?,FALSE,,,,0.44039612649992893,,,,
why do you get a beer gut?,FALSE,,,,0.44039612649992893,,,,
how do you get rid of a beer gut?,FALSE,,,,0.44039612649992893,,,,
can you lose weight and still drink beer?,FALSE,,,,0.44039612649992893,,,,
why do men get beer bellies?,FALSE,,,,0.44039612649992893,,,,
does beer cause belly fat?,FALSE,,,,0.44039612649992893,,,,
can you lose weight and drink beer?,FALSE,,,,0.44039612649992893,,,,
can you reverse a beer belly?,FALSE,,,,0.44039612649992893,,,,
does beer increase belly fat?,FALSE,,,,0.44039612649992893,,,,
how do i lose my beer belly uk?,FALSE,,,,0.44039612649992893,,,,
is a beer belly dangerous?,FALSE,,,,0.44039612649992893,,,,
how do i get rid of my beer belly?,FALSE,,,,0.44039612649992893,,,,
how can a woman lose a beer belly?,FALSE,,,,0.44039612649992893,,,,
how can i lose my beer gut fast?,FALSE,,,,0.44039612649992893,,,,
are beer bellies dangerous?,FALSE,,,,0.44039612649992893,,,,
how do i lose my beer gut?,FALSE,,,,0.44039612649992893,,,,
how do you lose a beer belly?,FALSE,,,,0.44039612649992893,,,,
can you lose a beer belly?,FALSE,,,,0.44039612649992893,,,,
no beer belly,FALSE,,,,0.4367214174604512,,,,
beer belly 2,FALSE,,,,0.43504574885231384,,,,
bloating,FALSE,,30301,70800,0.27225374758972815,45250,informational,70,2024-08-18
exercises to lose belly fat,FALSE,,11501,30300,0.28636530949113465,20250,informational,59,2024-08-22
best way to lose belly fat,FALSE,,11501,30300,0.26725505328096943,16777,informational,71,2024-08-15
lose-belly-fat,FALSE,,11501,30300,0.2671353370537978,13447,,,
lose belly fat,FALSE,,9301,11500,0.26703526824042184,11251,informational,67,2024-04-24
losing belly fat,FALSE,,9301,11500,0.26703526824042184,11251,informational,71,2023-07-26
how to lose stomach fat,FALSE,,9301,11500,0.266926293150246,9326,informational,67,2024-05-09
how to burn belly fat,FALSE,,6501,9300,0.266805108048154,7627,informational,71,2024-08-22
beer calories,FALSE,,4301,6500,0.2659486500225821,6050,,,
lower belly fat,FALSE,,4301,6500,0.2665370656381456,5018,informational,71,2024-07-20
stomach fat,FALSE,,4301,6500,0.2672457738741886,4895,,,
fat stomach,FALSE,,4301,6500,0.2672457738741886,4895,,,
get rid of belly fat,FALSE,,4301,6500,0.2665204645404627,4895,,,
lose belly fat diet,FALSE,,4301,6500,0.2665204645404627,4895,,,
how to get rid of stomach fat,FALSE,,2901,4300,0.266400461927518,4106,informational,72,2024-03-02
best diet to lose belly fat,FALSE,,2901,4300,0.2663831055862719,4005,informational,68,2024-03-13
losing belly fat men,FALSE,,2901,4300,0.26625512576897736,3346,informational,67,2024-08-18
how to loss belly fat for men,FALSE,,2901,4300,0.26625512576897736,3346,,,
fat bellies,FALSE,,2901,4300,0.26625512576897736,3346,,,
fat belly,FALSE,,2901,4300,0.26625512576897736,3346,informational,59,2024-07-17
beer drinking,FALSE,,2901,4300,0.2657740816291869,3346,informational,67,2023-07-14
diet to lose belly fat,FALSE,,2901,4300,0.2661755289886778,2986,informational,68,2024-03-13
how to lose belly fat men,FALSE,,1701,2900,0.2661062601477792,2737,informational,67,2024-08-22
burning belly fat,FALSE,,1701,2900,0.2661032104376209,2726,,,
types of belly fat,FALSE,,1701,2900,0.2660440887694549,2706,informational,61,2024-08-24
reduce belly fat,FALSE,,1701,2900,0.2660874493673487,2670,informational,70,2024-07-03
belly fat loss,FALSE,,1701,2900,0.2660721581000491,2618,informational,71,2024-07-17
losing stomach fat,FALSE,,1701,2900,0.266245070271892,2527,informational,70,2023-06-27
fat men,FALSE,,1701,2900,0.2660011429946727,2388,,,
belly rapper,FALSE,,1701,2900,0.2659486500225821,2268,,,
how to get rid of visceral fat,FALSE,,1701,2900,0.2659486500225821,2231,informational,68,2024-07-20
weight loss for men,FALSE,,1701,2900,0.26594805279196665,2231,informational,59,2024-08-25
weight loss men,FALSE,,1701,2900,0.26594805279196665,2231,informational,54,2023-10-25
belly pooch,FALSE,,1701,2900,0.26594805279196665,2231,informational,69,2024-07-17
alcohol belly,FALSE,,1701,2900,0.268450056149595,2200,,,
reducing belly fat,FALSE,,1701,2900,0.26593696296940195,2200,,,
lose stomach fat,FALSE,,1701,2900,0.26593696296940195,2200,,,
does alcohol make you gain weight,FALSE,,1701,2900,0.26592824555091693,2176,,,
best ways to lose belly fat,FALSE,,1701,2900,0.2658453375924812,1964,,,
how to get rid of belly fat men,FALSE,,1701,2900,0.2657994230760773,1856,informational,66,2024-08-24
best way to lose belly fat for men,FALSE,,1701,2900,0.26576432846609366,1779,informational,64,2024-03-13
best way to lose belly fat men,FALSE,,1701,2900,0.26576432846609366,1779,informational,62,2023-10-25
best way to get rid of belly fat,FALSE,,1701,2900,0.26576432846609366,1779,informational,72,2024-08-24
what causes belly fat,FALSE,,851,1700,0.26651890411412815,1450,informational,70,2024-07-17
big belly men,FALSE,,851,1700,0.2655901431725599,1450,,,
big belly man,FALSE,,851,1700,0.2655901431725599,1450,,,
how lose belly fat,FALSE,,851,1700,0.26557862538935234,1432,,,
lose belly fat men,FALSE,,851,1700,0.26542525269727496,1313,,,
what causes a big hard stomach,FALSE,,851,1700,0.27225374758972815,1288,,,
belly fat diet,FALSE,,851,1700,0.2654670980586455,1262,informational,72,2024-07-25
how to lose lower belly fat female,FALSE,,851,1700,0.28636530949113465,1216,informational,70,2024-08-22
visceral fat loss,FALSE,,851,1700,0.2654335160875755,1216,,,
how to lose weight in stomach,FALSE,,851,1700,0.2654335160875755,1216,informational,71,2024-08-31
stomach weight loss,FALSE,,851,1700,0.2654335160875755,1216,,,
burn belly fat men,FALSE,,851,1700,0.2654214657416178,1200,,,
male weight loss,FALSE,,851,1700,0.2654214657416178,1200,informational,52,2023-10-25
how to burn belly fat for men,FALSE,,851,1700,0.2654214657416178,1200,,,
how to get rid of visceral belly fat,FALSE,,851,1700,0.2653547684174724,1117,,,
beer bellys,FALSE,,851,1700,0.26708761333314346,1089,,,
central obesity,FALSE,,851,1700,0.2659486500225821,1089,,,
detox alcohol,FALSE,,851,1700,0.27928023982676065,1074,informational,53,2024-08-26
fat belly man,FALSE,,851,1700,0.2662347327067376,966,informational,54,2023-10-25
men belly fat,FALSE,,851,1700,0.2662347327067376,966,informational,65,2024-06-05
lower stomach fat,FALSE,,851,1700,0.26521862848937056,966,,,
belly fat in men,FALSE,,851,1700,0.2652025683449741,950,informational,66,2024-07-17
get rid of stomach fat,FALSE,,851,1700,0.2652025683449741,950,informational,69,2024-03-26
how to reduce stomach fat,FALSE,,851,1700,0.2651933861111965,941,informational,72,2024-07-25
mens weight loss,FALSE,,851,1700,0.26512701341932987,880,,,
stomach pain after drinking beer,FALSE,,851,1700,0.27225374758972815,853,,,
big stomach,FALSE,,501,850,0.26610379227621306,810,,,
wine bra,FALSE,,501,850,0.2659486500225821,800,,,
how to lose stomach fat men,FALSE,,501,850,0.26503346513958714,800,informational,66,2024-07-02
men weight loss,FALSE,,501,850,0.264977561501497,758,,,
beer belly men,FALSE,,501,850,0.38611572223524226,757,,,
lose beer belly,FALSE,,501,850,0.29944495319194125,731,,,
beer bra,FALSE,,501,850,0.27928023982676065,731,,,
how to get rid of alcohol bloat,FALSE,,501,850,0.2659486500225821,691,informational,33,2024-07-20
what causes a beer belly,FALSE,,501,850,0.38598951949286014,664,,,
alcohol weight gain,FALSE,,501,850,0.2648354284999913,660,,,
how to lose belly fat for men,FALSE,,501,850,0.26481929695705125,651,informational,68,2024-08-22
exercise to lose belly fat for men,FALSE,,501,850,0.26481929695705125,650,informational,67,2024-07-22
lower abdominal pain after drinking alcohol,FALSE,,501,850,0.27225374758972815,641,,,
belly fat exercises for men,FALSE,,501,850,0.26480451019227846,641,informational,66,2024-07-01
belly fat exercises men,FALSE,,501,850,0.26480451019227846,641,,,
what relieves bloating fast?,FALSE,,501,850,0.386685746352413,611,informational,55,2024-07-29
how to get rid of big belly,FALSE,,501,850,0.26465256491924033,592,,,
biggest belly,FALSE,,501,850,0.26470624480168947,585,,,
how to lose lower belly fat men,FALSE,,501,850,0.28636530949113465,572,,,
how to get rid of beer gut,FALSE,,501,850,0.27928023982676065,572,,,
how to lose hard belly fat,FALSE,,501,850,0.27225374758972815,572,,,
beer belly flask,FALSE,,501,850,0.2659486500225821,534,,,
men's weight loss,FALSE,,501,850,0.2646037757510459,534,informational,52,2024-03-26
visceral belly fat,FALSE,,501,850,0.2659486500225821,519,informational,70,2024-07-14
drinks to lose belly fat,FALSE,,501,850,0.26457401798531094,519,informational,61,2024-08-26
how to get rid of a gut,FALSE,,501,850,0.2657350262756987,510,,,
alcohol and weight gain,FALSE,,501,850,0.2645543480094775,510,,,
upper stomach pain immediately after drinking alcohol,FALSE,,201,500,0.27225374758972815,500,,,
overweight men,FALSE,,201,500,0.264531972065517,500,informational,67,2024-08-29
beer cholesterol,FALSE,,201,500,0.264531972065517,500,,,
how to reduce belly fat men,FALSE,,201,500,0.26452514886752937,497,,,
how to reduce belly fat for men,FALSE,,201,500,0.26452514886752937,497,informational,67,2024-07-02
how to get rid of belly,FALSE,,201,500,0.26452514886752937,497,informational,69,2024-08-24
big bellies,FALSE,,201,500,0.26452057110418353,495,,,
soft belly fat a good sign,FALSE,,201,500,0.27225374758972815,483,,,
belly fat diet plan,FALSE,,201,500,0.28636530949113465,472,informational,66,2024-08-22
hard belly fat symptoms,FALSE,,201,500,0.27225374758972815,457,,,
best foods to burn belly fat,FALSE,,201,500,0.2644186683555647,453,informational,61,2023-09-16
lose weight fast men,FALSE,,201,500,0.2644186683555647,453,informational,64,2024-06-18
losing weight fast for men,FALSE,,201,500,0.2644186683555647,453,,,
stomach weight gain,FALSE,,201,500,0.2644186683555647,453,,,
weight gain bellies,FALSE,,201,500,0.26561692845988993,444,informational,63,2024-07-14
does alcohol make you fat,FALSE,,201,500,0.26439527014373865,444,,,
best diet to lose weight for men,FALSE,,201,500,0.26439527014373865,444,,,
bear belly,FALSE,,201,500,0.2672561051249371,440,,,
hard fat stomach,FALSE,,201,500,0.26560908563177343,440,,,
diet beer,FALSE,,201,500,0.26438467723370873,440,,,
does vodka make you gain weight,FALSE,,201,500,0.26438467723370873,440,,,
huge men,FALSE,,201,500,0.26438467723370873,440,,,
reduce belly fat men,FALSE,,201,500,0.26438467723370873,440,informational,64,2024-07-02
large man,FALSE,,201,500,0.26438467723370873,440,,,
big tummy,FALSE,,201,500,0.26438467723370873,440,,,
does liquor make you fat,FALSE,,201,500,0.26437396157866816,436,,,
pot belly women,FALSE,,201,500,0.26437396157866816,436,,,
losing belly fat for men,FALSE,,201,500,0.26432698868204496,420,,,
beer belly girl,FALSE,,201,500,0.38834730244954985,407,,,
how to get rid of hard belly fat,FALSE,,201,500,0.27225374758972815,395,,,
belly fat types,FALSE,,201,500,0.26421583153789885,383,,,
how to lose belly fat over 60 years old,FALSE,,201,500,0.2641768026688181,371,informational,66,2024-07-22
getting rid of beer belly,FALSE,,201,500,0.2686540540667425,365,,,
huge bellies,FALSE,,201,500,0.26640625513463534,365,,,
huge belly,FALSE,,201,500,0.26544340436519215,365,,,
alcohol stomach,FALSE,,201,500,0.2641600618661914,365,,,
how to lose belly weight,FALSE,,201,500,0.2641600618661914,365,,,
lower belly fat causes,FALSE,,201,500,0.2641600618661914,365,informational,67,2024-07-16
stomach getting bigger for no reason,FALSE,,201,500,0.2641600618661914,365,informational,65,2024-07-14
does alcohol cause weight gain,FALSE,,201,500,0.26414302629659625,360,,,
how to get rid of pot belly,FALSE,,201,500,0.26414302629659625,360,,,
man belly,FALSE,,201,500,0.26414302629659625,360,,,
how to lose weight men,FALSE,,201,500,0.26414302629659625,360,informational,57,2024-07-05
best way to lose weight for men,FALSE,,201,500,0.26414302629659625,360,informational,60,2024-08-26
stubborn belly fat male,FALSE,,201,500,0.26414302629659625,360,informational,65,2024-08-08
belly fat workout for men,FALSE,,201,500,0.26414302629659625,360,,,
best diet for belly fat,FALSE,,201,500,0.26414302629659625,360,,,
men losing weight,FALSE,,201,500,0.26413612741663633,358,,,
does wine make you fat,FALSE,,201,500,0.2641326595253042,357,,,
fastest way to lose belly fat for men,FALSE,,201,500,0.2641326595253042,357,,,
fat gut,FALSE,,201,500,0.2641326595253042,357,,,
how to get rid of a beer gut,FALSE,,201,500,0.2659486500225821,346,,,
how to lose belly fat over 50 years old male,FALSE,,201,500,0.2640936757779893,346,informational,56,2024-08-22
how to get rid of belly fat for men,FALSE,,201,500,0.2640936757779893,346,informational,68,2024-08-24
best weight loss for men,FALSE,,201,500,0.2640417088386109,336,informational,66,2024-07-20
paunch meaning,FALSE,,201,500,0.27225374758972815,334,,,
lose belly fat after 50,FALSE,,201,500,0.2615579389238956,330,informational,55,2023-11-04
cause of belly fat,FALSE,,201,500,0.2640028441539109,322,,,
man stomach,FALSE,,201,500,0.2639457611539448,308,,,
how to lose weight fast men,FALSE,,201,500,0.2639457611539448,308,,,
how to lose weight fast for men,FALSE,,201,500,0.2639457611539448,308,informational,61,2024-09-01
fat man belly,FALSE,,201,500,0.2640493024052562,304,informational,52,2023-09-04
weight loss tips for men,FALSE,,201,500,0.2639072802775546,299,informational,55,2024-08-27
mens weight loss tips,FALSE,,201,500,0.2639072802775546,299,,,
beer estrogen,FALSE,,201,500,0.2639072802775546,299,,,
belly fat burner drinks,FALSE,,201,500,0.26390291309381647,298,,,
how to lose belly fat fast for men,FALSE,,201,500,0.2638896979886505,295,informational,69,2024-08-22
how to get rid of belly fat after 60,FALSE,,201,500,0.2638896979886505,295,informational,67,2024-07-12
how to get rid of belly fat after 50,FALSE,,201,500,0.2638627432176124,289,informational,53,2023-11-04
alcohol and belly fat,FALSE,,201,500,0.2659486500225821,287,,,
losing weight after 50 for men,FALSE,,201,500,0.2636346048057389,282,informational,51,2023-11-04
best exercise to lose belly fat for men,FALSE,,201,500,0.26379209209824356,279,informational,66,2024-07-29
why do men get beer bellies,FALSE,,201,500,0.27225374758972815,275,,,
types of bellies,FALSE,,201,500,0.26513456076917585,263,,,
weight loss for men over 50,FALSE,,201,500,0.2636346048057389,257,informational,56,2024-01-15
how to lose belly fat fast men,FALSE,,201,500,0.2636843636217233,253,informational,67,2024-06-26
how to lose beer gut,FALSE,,201,500,0.2817617644472249,252,,,
losing belly fat after 50,FALSE,,201,500,0.263657007158976,248,informational,59,2023-11-04
bellys or bellies,FALSE,,201,500,0.263657007158976,248,,,
bellies or bellys,FALSE,,201,500,0.263657007158976,248,informational,45,2024-08-12
alcoholic belly,FALSE,,201,500,0.2669260448664729,244,,,
is beer fattening,FALSE,,201,500,0.2636117235697376,240,,,
beer bloat,FALSE,,201,500,0.2636117235697376,240,,,
bloating from beer,FALSE,,201,500,0.2636117235697376,240,,,
type of belly fat,FALSE,,201,500,0.2636117235697376,240,informational,61,2024-01-21
hormonal belly men,FALSE,,201,500,0.2636117235697376,240,,,
real stomach,FALSE,,201,500,0.2636117235697376,240,,,
abdominal obesity treatment,FALSE,,201,500,0.2659486500225821,238,,,
what is belly fat,FALSE,,201,500,0.26503545780044024,238,informational,70,2024-07-17
lose belly fat fast men,FALSE,,201,500,0.2636000975524699,238,,,
lose body fat men,FALSE,,201,500,0.2636000975524699,238,,,
beer belly tumor,FALSE,,201,500,0.38596351964583486,229,,,
what is beer belly,FALSE,,201,500,0.38672385174091506,218,,,
why do men get big bellies,FALSE,,201,500,0.2659486500225821,218,,,
how to lose belly fat in 3 days,FALSE,,201,500,0.28636530949113465,211,informational,68,2024-08-22
why does my stomach bloat after drinking alcohol,FALSE,,201,500,0.2659486500225821,207,,,
male belly fat,FALSE,,101,200,0.2633371044695512,198,,,
beer belly to abs,FALSE,,101,200,0.28286987784225914,196,,,
40 year old male weight loss,FALSE,,101,200,0.26331463096199825,196,,,
weight loss for men over 40,FALSE,,101,200,0.26331463096199825,195,informational,50,2024-01-12
how much belly fat is normal,FALSE,,101,200,0.26331463096199825,195,informational,66,2024-07-17
get rid of gut,FALSE,,101,200,0.26329939742678005,193,,,
belly fat causes,FALSE,,101,200,0.2647684787509319,185,,,
lose weight for men,FALSE,,101,200,0.2632282138596576,185,,,
belly fat burning diet,FALSE,,101,200,0.26306183482700135,165,,,
beer and belly,FALSE,,101,200,0.38672385174091506,163,,,
huge beer gut,FALSE,,101,200,0.27928023982676065,163,,,
does beer cause a beer belly,FALSE,,101,200,0.27225374758972815,163,,,
how can a man lose weight fast,FALSE,,101,200,0.2630428705313188,163,,,
excess belly fat,FALSE,,101,200,0.2630428705313188,163,,,
get rid belly fat,FALSE,,101,200,0.2630428705313188,163,,,
beer fat,FALSE,,101,200,0.2679224604306715,160,,,
beer and weight loss,FALSE,,101,200,0.26666618705487455,160,,,
losing weight after 40 male,FALSE,,101,200,0.26301384591332827,160,,,
best way to lose stomach fat male,FALSE,,101,200,0.2630040123301427,159,,,
losing belly fat after 40 male,FALSE,,101,200,0.26298410001135464,157,informational,62,2024-08-22
how to burn beer belly,FALSE,,101,200,0.2817617644472249,153,,,
fat belly girls,FALSE,,101,200,0.26293283070010853,153,,,
man stomach looks pregnant,FALSE,,101,200,0.27225374758972815,142,,,
beer belly cause,FALSE,,101,200,0.38604932548866633,132,,,
does beer give you a beer belly,FALSE,,101,200,0.27225374758972815,132,,,
how to lose alcohol weight,FALSE,,101,200,0.2643967917659685,132,,,
have a beer,FALSE,,101,200,0.26267770424275155,130,,,
lower belly fat workout male,FALSE,,101,200,0.26267770424275155,130,,,
how to lose hip fat men,FALSE,,101,200,0.26267770424275155,130,,,
belly man,FALSE,,101,200,0.26648745760775244,123,,,
fat burning for men,FALSE,,101,200,0.26255631979434874,122,,,
how to reduce belly fat in men,FALSE,,101,200,0.26255631979434874,122,informational,68,2024-08-18
slim belly,FALSE,,101,200,0.26255631979434874,121,informational,64,2024-08-02
where do men store fat,FALSE,,101,200,0.26254209720257654,120,informational,52,2024-07-20
how to lose the beer gut,FALSE,,101,200,0.28636530949113465,111,,,
alcohol belly woman,FALSE,,101,200,0.2659486500225821,111,,,
best way for men to lose weight,FALSE,,101,200,0.2625980714262721,111,,,
men's belly fat burner,FALSE,,101,200,0.2624065981929933,111,,,
how reduce belly fat,FALSE,,101,200,0.2624065981929933,111,,,
fat loss for men,FALSE,,101,200,0.2623416052488434,107,,,
beer belly long beach,FALSE,,101,200,0.38604131559438215,105,,,
does tequila make you gain weight,FALSE,,101,200,0.26230788494080637,105,,,
dangers of belly fat,FALSE,,101,200,0.26230788494080637,105,,,
large belly,FALSE,,101,200,0.26230788494080637,105,,,
how to get a big belly,FALSE,,101,200,0.26230788494080637,105,,,
belly weight,FALSE,,101,200,0.26410900758857037,104,,,
belly fat uncomfortable when sitting,FALSE,,101,200,0.26229070264359594,104,,,
beer upset stomach next day,FALSE,,101,200,0.27225374758972815,102,,,
how to lose the beer belly,FALSE,,51,100,0.29944495319194125,92,,,
how to lose my beer belly,FALSE,,51,100,0.29944495319194125,92,,,
men with beer bellies,FALSE,,51,100,0.2659486500225821,92,,,
hidden bladder flask,FALSE,,51,100,0.2659486500225821,92,,,
sucking fat guy,FALSE,,51,100,0.26204513415005953,92,,,
getting rid of a pot belly,FALSE,,51,100,0.2617726728377425,90,,,
can vodka make you gain weight,FALSE,,51,100,0.26198173151242843,88,,,
how to get a fat belly,FALSE,,51,100,0.261959950278469,87,,,
overweight male,FALSE,,51,100,0.261959950278469,87,,,
how to lose belly fat in men over 50,FALSE,,51,100,0.2611281637083616,87,,,
beer makes you fat,FALSE,,51,100,0.26623337258616775,85,,,
how to drink beer fast,FALSE,,51,100,0.2638502930791184,85,,,
belly flab,FALSE,,51,100,0.2638502930791184,85,,,
best way to lose weight fast for men,FALSE,,51,100,0.2619153631926313,85,,,
how to lose belly fat after 50,FALSE,,51,100,0.2619153631926313,85,informational,57,2023-11-04
how to measure belly fat,FALSE,,51,100,0.2619153631926313,85,informational,64,2024-07-17
best way to lose beer gut,FALSE,,51,100,0.28636530949113465,82,,,
lose big belly,FALSE,,51,100,0.27928023982676065,82,,,
ascites or beer belly,FALSE,,51,100,0.27225374758972815,82,,,
getting rid of a beer belly,FALSE,,51,100,0.2681406565580066,82,,,
beer abs,FALSE,,51,100,0.2659486500225821,82,,,
how is alcohol stored as fat,FALSE,,51,100,0.26184577323651426,82,,,
exercise for belly fat men,FALSE,,51,100,0.26184577323651426,82,,,
obese man belly,FALSE,,51,100,0.2614687919513399,82,,,
male weight gain belly,FALSE,,51,100,0.2637002822570073,76,,,
fat torso,FALSE,,51,100,0.2614990902452683,75,,,
how to lose a beer belly quick,FALSE,,51,100,0.38844934020457933,73,,,
beer belly but don't drink,FALSE,,51,100,0.28290803833907024,73,,,
why does beer make you fat?,FALSE,,51,100,0.2732073229715829,73,,,
will my beer belly go away if i stop drinking,FALSE,,51,100,0.27225374758972815,73,,,
why do people get beer bellies,FALSE,,51,100,0.2659486500225821,73,,,
how can i get rid of my gut in 10 days?,FALSE,,51,100,0.2659486500225821,73,informational,63,2024-08-25
best drinks to lose belly fat,FALSE,,51,100,0.2616145857611082,73,,,
best belly fat burner for men,FALSE,,51,100,0.2616145857611082,73,,,
inflated bellies,FALSE,,51,100,0.2616145857611082,73,,,
massive belly,FALSE,,51,100,0.26360667743644994,71,,,
does drinking alcohol make you fat,FALSE,,51,100,0.2615579389238956,71,,,
belly fat burning exercises for men,FALSE,,51,100,0.2615579389238956,71,,,
how do you get rid of a beer belly,FALSE,,51,100,0.2680793069489345,70,,,
paunch belly,FALSE,,51,100,0.26358693312160086,70,,,
how does alcohol make you fat,FALSE,,51,100,0.2615287992309891,70,,,
does drinking cause weight gain,FALSE,,51,100,0.2615287992309891,70,,,
does beer help digestion,FALSE,,51,100,0.2615287992309891,70,,,
how to lose extra belly fat,FALSE,,51,100,0.2615287992309891,70,,,
best exercise for belly fat male,FALSE,,51,100,0.2614990902452683,69,,,
how do you get rid of belly fat after 60,FALSE,,51,100,0.2614687919513399,68,informational,66,2024-07-12
beer belly women,FALSE,,51,100,0.3889168984385638,64,,,
what causes a big hard stomach?,FALSE,,51,100,0.386685746352413,64,,,
big fat beer belly,FALSE,,51,100,0.3860275084666444,64,,,
how to lose your beer belly,FALSE,,51,100,0.29944495319194125,64,,,
funny beer belly pics,FALSE,,51,100,0.27928023982676065,64,,,
fake beer belly costume,FALSE,,51,100,0.27928023982676065,64,,,
beer belly diners drive ins and dives,FALSE,,51,100,0.27928023982676065,64,,,
big beer guts,FALSE,,51,100,0.27225374758972815,64,,,
keg stomach,FALSE,,51,100,0.27225374758972815,64,,,
men weight loss tips,FALSE,,51,100,0.26134126814443664,64,,,
belly fat reduce,FALSE,,51,100,0.26134126814443664,64,,,
lose stomach fat men,FALSE,,51,100,0.2610897120877627,57,,,
beer belly menu,FALSE,,51,100,0.38604510335892206,55,,,
does alcohol cause belly fat?,FALSE,,51,100,0.2928445675219278,55,,,
whats a beer belly,FALSE,,51,100,0.27225374758972815,55,,,
how to stop stomach burning from alcohol,FALSE,,51,100,0.27225374758972815,55,,,
lose belly fat drink,FALSE,,51,100,0.26100996640345553,55,,,
how to get used to alcohol burn,FALSE,,51,100,0.26100996640345553,55,,,
lose belly fat over 60,FALSE,,51,100,0.26100996640345553,55,,,
how to reduce tummy,FALSE,,51,100,0.2608825888546722,53,,,
beer on belly,FALSE,,11,50,0.38672385174091506,47,,,
fat man beer belly,FALSE,,11,50,0.386028548605248,47,,,
how to get rid of beer belly bloat,FALSE,,11,50,0.3851092444189248,47,,,
lose beer gut fast,FALSE,,11,50,0.28636530949113465,47,,,
how to get rid of the beer belly,FALSE,,11,50,0.2659486500225821,47,,,
how to grow a big fat belly,FALSE,,11,50,0.26296312572551916,47,,,
can whiskey make you fat,FALSE,,11,50,0.26064612424308564,47,,,
how to grow a big round belly,FALSE,,11,50,0.26059464074395766,47,,,
is beer belly real,FALSE,,11,50,0.3886099675620723,46,,,
beer belly or pregnant belly,FALSE,,11,50,0.2645800564680721,46,,,
how to lose fat for men,FALSE,,11,50,0.26059464074395766,46,informational,61,2024-08-25
alcohol and visceral fat,FALSE,,11,50,0.26573578160911177,45,,,
beer weight,FALSE,,11,50,0.26455536285070175,45,,,
how much fat in beer,FALSE,,11,50,0.26292822177063463,45,,,
best way to get rid of a gut,FALSE,,11,50,0.26292822177063463,45,,,
does alcohol turn into fat,FALSE,,11,50,0.260541585919523,45,,,
bear stomach,FALSE,,11,50,0.260541585919523,45,,,
different types of belly fat male,FALSE,,11,50,0.260541585919523,45,,,
remove belly fat men,FALSE,,11,50,0.260541585919523,45,,,
how to lose a beer gut fast,FALSE,,11,50,0.38025634430727023,39,,,
what causes big stomach in females?,FALSE,,11,50,0.2928445675219278,39,,,
what causes beer gut,FALSE,,11,50,0.28636530949113465,39,,,
will 2 beers a night make me fat,FALSE,,11,50,0.27928023982676065,39,,,
beer and obesity,FALSE,,11,50,0.27225374758972815,39,,,
beer belly visceral fat,FALSE,,11,50,0.2659486500225821,39,,,
what is beer gut,FALSE,,11,50,0.2659486500225821,39,,,
beer gut girl,FALSE,,11,50,0.26559122463084667,39,,,
does sugar alcohol cause belly fat,FALSE,,11,50,0.26265150740640486,39,,,
lose weight drinking beer,FALSE,,11,50,0.2642963630350897,36,,,
beer and belly fat,FALSE,,11,50,0.38827726357280645,35,,,
drinking belly,FALSE,,11,50,0.26646411171874795,35,,,
the beerbelly,FALSE,,11,50,0.2655188567103315,35,,,
ascites vs beer belly,FALSE,,11,50,0.26251142895006935,35,,,
beer belly thor,FALSE,,11,50,0.2659486500225821,34,,,
what does beer do to your stomach,FALSE,,11,50,0.27928023982676065,32,,,
exercise to lose beer belly,FALSE,,11,50,0.3876169795792477,31,,,
how many beers a day is bad for your liver?,FALSE,,11,50,0.386685746352413,31,,,
beer belly transformation,FALSE,,11,50,0.294725241222581,31,,,
how to lose beer belly reddit,FALSE,,11,50,0.2887193264781694,31,,,
best exercise to get rid of beer belly,FALSE,,11,50,0.28636530949113465,31,,,
beer gut exercises,FALSE,,11,50,0.283545239821577,31,,,
why does beer give you a beer belly,FALSE,,11,50,0.27225374758972815,31,,,
beer belly cartoon images,FALSE,,11,50,0.27225374758972815,31,,,
belly fat and alcohol,FALSE,,11,50,0.26711667933000804,31,,,
the beer gut,FALSE,,11,50,0.2659486500225821,31,,,
are beer bellies permanent,FALSE,,11,50,0.2659486500225821,31,,,
are beer bellies real,FALSE,,11,50,0.2659486500225821,31,,,
how can i lose tummy fat fast?,FALSE,,11,50,0.2659486500225821,31,informational,70,2024-08-28
best gym exercise to lose beer belly,FALSE,,11,50,0.2653794081181584,31,,,
how to grow a huge fat belly,FALSE,,11,50,0.26223853568422156,31,,,
mens pot belly,FALSE,,11,50,0.26223853568422156,31,,,
how to get rid of a beer belly exercise,FALSE,,11,50,0.3880820409229283,27,,,
why do you get a beer belly,FALSE,,11,50,0.3860458931422976,27,,,
beer belly removal,FALSE,,11,50,0.2828978634766702,27,,,
blast beer belly,FALSE,,11,50,0.2828813712320847,27,,,
how to get a beer belly fast,FALSE,,11,50,0.27928023982676065,27,,,
define beer belly,FALSE,,11,50,0.27928023982676065,27,,,
get rid of the beer belly,FALSE,,11,50,0.27928023982676065,27,,,
what does beer do to the stomach,FALSE,,11,50,0.27928023982676065,27,,,
how can i lose my upper belly fat in a week?,FALSE,,11,50,0.2732073229715829,27,,,
does alcohol store in stomach fat,FALSE,,11,50,0.26628230064690894,27,,,
what exercise burns the most belly fat at home?,FALSE,,11,50,0.2659486500225821,27,informational,52,2024-08-09
beer belly olney,FALSE,,11,50,0.2659486500225821,27,,,
liver beer belly,FALSE,,11,50,0.26528112889628863,27,,,
girl got beer belly,FALSE,,11,50,0.26528112889628863,27,,,
male beer gut stories,FALSE,,11,50,0.26528112889628863,27,,,
alcohol and subcutaneous fat,FALSE,,11,50,0.2639385010765081,27,,,
can you drink light beer and still lose weight,FALSE,,11,50,0.2639385010765081,27,,,
beer to make you look big,FALSE,,11,50,0.2639385010765081,27,,,
how to get buff without giving up pizza and beer,FALSE,,11,50,0.2639385010765081,27,informational,44,2024-08-09
belly inflation chug beer female,FALSE,,11,50,0.2639385010765081,27,,,
fitness this whole beer in my belly,FALSE,,11,50,0.2639385010765081,27,,,
belly inflation chug beer,FALSE,,11,50,0.2639385010765081,27,,,
how to treat a beer,FALSE,,11,50,0.2639385010765081,27,,,
can you drink lite beer and still lose weight,FALSE,,11,50,0.2620438208914288,27,,,
corona girl beer gut,FALSE,,11,50,0.2620438208914288,27,,,
old man tummy,FALSE,,11,50,0.2620438208914288,27,,,
have a beer wys,FALSE,,11,50,0.2620438208914288,27,,,
can a beer belly impact your erection angle,FALSE,,11,50,0.2620438208914288,27,,,
can a beer belly impact your erection,FALSE,,11,50,0.2620438208914288,27,,,
calcium deficiency beer belly,FALSE,,11,50,0.2620438208914288,27,,,
two fat guys stomach to stomach,FALSE,,11,50,0.2620438208914288,27,,,
beer belly vs pregnant belly,FALSE,,11,50,0.26197237305811244,26,,,
massive beer belly,FALSE,,11,50,0.38653279017384895,25,,,
abdominal obesity measurement,FALSE,,11,50,0.2659486500225821,25,,,
does sparkling water give you a beer belly,FALSE,,11,50,0.2618971424195486,25,,,
how to lose beer belly men,FALSE,,11,50,0.3876849673580258,24,,,
lose beer belly in 2 months,FALSE,,11,50,0.387668215074412,24,,,
beer belly muscle,FALSE,,11,50,0.38601903277192817,24,,,
fake beer belly,FALSE,,11,50,0.38600592054120614,24,,,
drinking beer belly,FALSE,,11,50,0.3859912502083198,24,,,
lose the beer belly,FALSE,,11,50,0.29944495319194125,24,,,
beer belly loss,FALSE,,11,50,0.29491559622970337,24,,,
beer belly gone,FALSE,,11,50,0.29467720714547885,24,,,
men's diet to lose beer belly,FALSE,,11,50,0.28636530949113465,24,,,
why do men's stomachs get big and hard?,FALSE,,11,50,0.2813045454451532,24,,,
can drinking beer make you gain weight?,FALSE,,11,50,0.2813045454451532,24,,,
how get rid of beer belly,FALSE,,11,50,0.27928023982676065,24,,,
getting rid of the beer belly,FALSE,,11,50,0.27928023982676065,24,,,
how to get rid of my beer gut,FALSE,,11,50,0.27928023982676065,24,,,
how to detox from beer at home,FALSE,,11,50,0.27928023982676065,24,,,
can you gain weight from beer,FALSE,,11,50,0.27225374758972815,24,,,
big beer gut,FALSE,,11,50,0.27225374758972815,24,,,
stop drinking lose beer belly,FALSE,,11,50,0.26696538512259554,24,,,
removing beer belly,FALSE,,11,50,0.2659486500225821,24,,,
beer belly exercises for men,FALSE,,11,50,0.2659486500225821,24,,,
beer belly deli queen of hearts,FALSE,,11,50,0.2659486500225821,24,,,
beer & belly sports grille northfield oh 44067,FALSE,,11,50,0.2659486500225821,24,,,
weight belly,FALSE,,11,50,0.26173379279826364,24,,,
beer belly youtube,FALSE,,11,50,0.3860537728677521,17,,,
beer belly's,FALSE,,11,50,0.3818324536285962,17,,,
what causes a beer belly to be hard,FALSE,,11,50,0.28636530949113465,17,,,
fat beer gut,FALSE,,11,50,0.27225374758972815,17,,,
what is a beer belly made of,FALSE,,11,50,0.27225374758972815,17,,,
hard stomach fat male,FALSE,,11,50,0.27225374758972815,17,informational,66,2024-08-10
what is the best exercise to lose belly fat?,FALSE,,11,50,0.2659486500225821,17,,,
beer has too many calories,FALSE,,11,50,0.26320760486593786,17,,,
fat belly male,FALSE,,11,50,0.26320760486593786,17,,,
diet to get rid of beer belly,FALSE,,11,50,0.26212495490583243,17,,,
can beer replace a meal,FALSE,,11,50,0.2609639003068805,17,,,
can of beer weight,FALSE,,11,50,0.2609639003068805,17,,,
lose beer belly in a month,FALSE,,11,50,0.38767861655402264,16,,,
beer belly skinny guy,FALSE,,11,50,0.2646837942169692,15,,,
man with beer gut,FALSE,,11,50,0.27928023982676065,14,,,
losing beer belly fat,FALSE,,11,50,0.3876114902567227,13,,,
how do you lose a beer belly,FALSE,,11,50,0.38829309686369873,12,,,
easiest way to lose beer belly,FALSE,,11,50,0.3875138345203242,12,,,
lose your beer belly,FALSE,,,10,0.38829309686369873,11,,,
why beer belly,FALSE,,,10,0.38672385174091506,11,,,
causes of beer belly,FALSE,,,10,0.3812425922713158,11,,,
home exercises to lose beer belly,FALSE,,,10,0.2979170501031989,11,,,
how does beer make you fat?,FALSE,,11,50,0.2928445675219278,11,,,
how do you get rid of belly fat?,FALSE,,,10,0.2928445675219278,11,,,
lose the beer gut,FALSE,,,10,0.28636530949113465,11,,,
how to get rid of beer belly reddit,FALSE,,,10,0.27225374758972815,11,,,
beer gut with defined body,FALSE,,,10,0.2664377913417374,11,,,
how much to beer bellies weight,FALSE,,,10,0.2664377913417374,11,,,
beer belly can you get rid of it,FALSE,,,10,0.2664377913417374,11,,,
skinny get rid of beer belly,FALSE,,,10,0.2664377913417374,11,,,
beer gut cause,FALSE,,,10,0.2659486500225821,11,,,
does beer give you a gut,FALSE,,,10,0.2659486500225821,11,,,
why do men have beer bellies,FALSE,,,10,0.2659486500225821,11,,,
what is the best exercise to get rid of belly fat?,FALSE,,,10,0.2659486500225821,11,,,
pot belly vs beer belly,FALSE,,11,50,0.26556904935541364,11,,,
ipa belly,FALSE,,,10,0.2654845544631508,11,,,
how much to beer bellies weigh,FALSE,,,10,0.2654845544631508,11,,,
different exercises to get rid of a beer belly,FALSE,,,10,0.2654845544631508,11,,,
lots of soda give you a beer belly,FALSE,,,10,0.2642159991811292,11,,,
beer stomach syndrome,FALSE,,,10,0.2642159991811292,11,,,
marriage beer belly,FALSE,,,10,0.2642159991811292,11,,,
guy with gut.,FALSE,,,10,0.2642159991811292,11,,,
my beer belly is 75 lbs,FALSE,,,10,0.2642159991811292,11,,,
scientific word for area of beer belly,FALSE,,,10,0.26244466605877126,11,,,
male belly growth,FALSE,,,10,0.26244466605877126,11,,,
how to get abs without quitting alcohol,FALSE,,,10,0.26244466605877126,11,,,
quit drinking stomach fat before and after,FALSE,,,10,0.26244466605877126,11,,,
how to get rid of beer belly fat,FALSE,,,10,0.26718027932239996,10,,,
losing the beer belly,FALSE,,,10,0.38829309686369873,9,,,
fat beer bellies,FALSE,,,10,0.27225374758972815,8,,,
diet to lose beer belly,FALSE,,,10,0.38761855778508814,7,,,
male beer bellies,FALSE,,,10,0.27928023982676065,7,,,
remove beer belly,FALSE,,,10,0.27928023982676065,7,,,
detox wine,FALSE,,,10,0.27928023982676065,7,,,
how to lose beer belly quick,FALSE,,,10,0.2887193264781694,6,,,
small beer gut,FALSE,,,10,0.2660672612742188,6,,,
beer belly stomach,FALSE,,,10,0.2660672612742188,6,,,
abdominal adiposity definition,FALSE,,,10,0.2659486500225821,6,,,
beer belly fat loss,FALSE,,,10,0.29477019679228245,5,,,
beer belly nation,FALSE,,,10,0.28773542499075666,5,,,
losing the beer gut,FALSE,,,10,0.28636530949113465,5,,,
can i drink alcohol and still lose weight?,FALSE,,,10,0.2813045454451532,5,,,
getting a beer belly,FALSE,,,10,0.2659249151116843,5,,,
belly beer man,FALSE,,,10,0.26480844568474066,5,,,
does alcohol make you gain belly fat,FALSE,,,10,0.26107869075886253,5,,,
stop drinking to lose belly fat,FALSE,,,10,0.26107869075886253,5,,,
how to get rid of a beer belly without exercise,FALSE,,,10,0.3870293827852695,4,,,
fat beer belly man,FALSE,,,10,0.27225374758972815,4,,,
what is the best way to lose a beer belly,FALSE,,,10,0.38764678374231903,3,,,
lose beer belly diet plan,FALSE,,,10,0.3875956039322476,3,,,
quickest way to lose beer belly,FALSE,,,10,0.38744151604944643,3,,,
beer belly get rid,FALSE,,,10,0.27928023982676065,3,,,
detox from beer symptoms,FALSE,,,10,0.27928023982676065,3,,,
stomach beer,FALSE,,,10,0.27225374758972815,3,,,
beer belly lose,FALSE,,,10,0.38829309686369873,2,,,
how to lose my beer belly fast,FALSE,,,10,0.38762177216590077,2,,,
what causes belly fat in males?,FALSE,,,10,0.386685746352413,2,,,
how to lose that beer belly,FALSE,,,10,0.29944495319194125,2,,,
reduce beer belly men,FALSE,,,10,0.28636530949113465,2,,,
how to get rid of a beer belly male,FALSE,,,10,0.28636530949113465,2,,,
does drinking beer cause belly fat,FALSE,,,10,0.27225374758972815,2,,,
big belly photos,FALSE,,,10,0.2659486500225821,2,,,
need to lose beer belly fast,FALSE,,,10,0.3884152316113605,1,,,
best way to lose a beer belly fast,FALSE,,,10,0.3884138150086041,1,,,
man loses beer belly,FALSE,,,10,0.38770393312774437,1,,,
how to lose your beer belly fast,FALSE,,,10,0.38762177216590077,1,,,
best way to lose beer belly fat,FALSE,,,10,0.387582180858114,1,,,
quickest way to lose a beer belly,FALSE,,,10,0.38744151604944643,1,,,
can you gain weight from drinking beer?,FALSE,,,10,0.386685746352413,1,,,
how do you get rid of alcohol belly?,FALSE,,,10,0.386685746352413,1,,,
growing beer belly,FALSE,,,10,0.38321234333842535,1,,,
why does a beer belly form,FALSE,,,10,0.38176594325417784,1,,,
why do they call it a beer belly,FALSE,,,10,0.38134262079608877,1,,,
how to lose a beer belly at home,FALSE,,,10,0.29826068287789453,1,,,
soft beer belly,FALSE,,,10,0.2948026758417444,1,,,
how to lose beer belly in 2 weeks,FALSE,,,10,0.2887193264781694,1,,,
beer belly fat burner,FALSE,,,10,0.28636530949113465,1,,,
beer bellied men,FALSE,,,10,0.28636530949113465,1,,,
beer gut backup,FALSE,,,10,0.28636530949113465,1,,,
how to lose belly fat in a month with exercise at home,FALSE,,,10,0.28636530949113465,1,,,
beer belly weight loss,FALSE,,,10,0.2829246954936039,1,,,
why do guys get beer bellies?,FALSE,,,10,0.2813045454451532,1,,,
does beer cause weight gain?,FALSE,,,10,0.2813045454451532,1,,,
how do i get rid of a beer belly,FALSE,,,10,0.27928023982676065,1,,,
i love beer bellies,FALSE,,,10,0.27928023982676065,1,,,
beer belly bloated stomach,FALSE,,,10,0.27928023982676065,1,,,
how to get rid of beer bellies,FALSE,,,10,0.27928023982676065,1,,,
get rid beer belly,FALSE,,,10,0.27928023982676065,1,,,
does liquor give you a beer belly,FALSE,,,10,0.27928023982676065,1,,,
is it possible to lose a beer belly,FALSE,,,10,0.27928023982676065,1,,,
the beer belly albany,FALSE,,,10,0.27928023982676065,1,,,
can i drink beer and still lose weight?,FALSE,,,10,0.2732073229715829,1,,,
does beer make you gain weight?,FALSE,,,10,0.2732073229715829,1,,,
what is the cause of belly fat?,FALSE,,,10,0.2732073229715829,1,,,
why do guys have beer bellies,FALSE,,,10,0.27225374758972815,1,,,
drinkers belly,FALSE,,,10,0.27225374758972815,1,,,
does liquor cause beer belly,FALSE,,,10,0.27225374758972815,1,,,
why do some people have beer gut,FALSE,,,10,0.27225374758972815,1,,,
get rid of your beer belly,FALSE,,,10,0.27225374758972815,1,,,
belly alcohol,FALSE,,,10,0.27225374758972815,1,,,
beer paunch,FALSE,,,10,0.27225374758972815,1,,,
does all alcohol cause beer belly,FALSE,,,10,0.27225374758972815,1,,,
what is a beer belly actually,FALSE,,,10,0.27225374758972815,1,,,
why is it called a beer belly,FALSE,,,10,0.27225374758972815,1,,,
beer belly vs normal fat,FALSE,,,10,0.27225374758972815,1,,,
another word for beer belly,FALSE,,,10,0.27225374758972815,1,,,
will beer make me gain weight,FALSE,,,10,0.27086539588914715,1,,,
rid of beer belly,FALSE,,,10,0.2665233477850564,1,,,
growing beer gut,FALSE,,,10,0.2659486500225821,1,,,
beer belly buster,FALSE,,,10,0.2659486500225821,1,,,
beer belly reduction exercises,FALSE,,,10,0.2659486500225821,1,,,
what is the best way for a man to lose belly fat?,FALSE,,,10,0.2659486500225821,1,,,
how can i get rid of my gut in 2 weeks?,FALSE,,,10,0.2659486500225821,1,informational,60,2024-07-04
what exercise burns the most belly fat at the gym?,FALSE,,,10,0.2659486500225821,1,,,
how do i get rid of my belly pooch?,FALSE,,,10,0.2659486500225821,1,,,
how can i reduce my tummy in 30 days?,FALSE,,,10,0.2659486500225821,1,informational,65,2024-08-03
how do i reduce my belly fat quickly?,FALSE,,,10,0.2659486500225821,1,,,
how to reduce central obesity,FALSE,,,10,0.2659486500225821,1,,,
beer belly wine rack,FALSE,,,10,0.2659486500225821,1,,,
beer belly bags coupon,FALSE,,,10,0.2659486500225821,1,,,
working off beer belly,FALSE,,,10,0.2659486500225821,1,,,
pros of not having a beer gut,FALSE,,,10,0.26436688338552805,1,,,
how to lose the alcohol belly,FALSE,,,10,0.26436688338552805,1,,,
how to drink beer without getting a beer belly,FALSE,,,10,0.26436688338552805,1,,,
high beer belly,FALSE,,,10,0.26436688338552805,1,,,
how beer bellies work,FALSE,,,10,0.26436688338552805,1,,,
beer belly gainer,FALSE,,,10,0.26436688338552805,1,,,
fat woman beer gut,FALSE,,,10,0.26351962263285567,1,,,
a little fat woman beer gut,FALSE,,,10,0.26351962263285567,1,,,
where do beer bellies come from,FALSE,,,10,0.26351962263285567,1,,,
is beer belly actually caused by beer,FALSE,,,10,0.26351962263285567,1,,,
how to get rid of a alcohol belly,FALSE,,,10,0.26266055475871675,1,,,
beer belly pop up,FALSE,,,10,0.2616244793498052,1,,,
lose that beer belly,FALSE,,,,0.38829309686369873,,,,
losing my beer belly,FALSE,,,,0.38829309686369873,,,,
how to lose a small beer belly,FALSE,,,,0.3876849710883847,,,,
lose the beer belly fast,FALSE,,,,0.38762177216590077,,,,
lose the beer belly diet,FALSE,,,,0.38761855778508814,,,,
how to lose a beer belly fast men,FALSE,,,,0.38760133530706614,,,,
exercises to lose beer belly fast,FALSE,,,,0.38753468828590965,,,,
what makes a beer belly?,FALSE,,,,0.386685746352413,,,,
why does beer belly happen?,FALSE,,,,0.386685746352413,,,,
how can i lose my little beer belly?,FALSE,,,,0.386685746352413,,,,
does beer cause belly bloat?,FALSE,,,,0.386685746352413,,,,
does beer make your belly big?,FALSE,,,,0.386685746352413,,,,
what causes beer bellies?,FALSE,,,,0.386685746352413,,,,
how beer belly is formed?,FALSE,,,,0.386685746352413,,,,
how can i drink beer without a beer belly?,FALSE,,,,0.386685746352413,,,,
how can i drink beer without gaining weight?,FALSE,,,,0.386685746352413,,,,
is beer belly ascites?,FALSE,,,,0.386685746352413,,,,
what causes a big stomach?,FALSE,,,,0.386685746352413,,,,
how do i get rid of my wine belly?,FALSE,,,,0.386685746352413,,,,
does beer increase belly?,FALSE,,,,0.386685746352413,,,,
does beer give you a big belly?,FALSE,,,,0.386685746352413,,,,
why do i have a beer belly when i don't drink?,FALSE,,,,0.386685746352413,,,,
can beer help an upset stomach?,FALSE,,,,0.386685746352413,,,,
is beer bad for?,FALSE,,,,0.386685746352413,,informational,64,2024-06-26
is beer good for gastritis?,FALSE,,,,0.386685746352413,,,,
which beer makes you gain weight?,FALSE,,,,0.386685746352413,,,,
why do beer drinkers have big bellies?,FALSE,,,,0.386685746352413,,,,
what is yeast belly?,FALSE,,,,0.386685746352413,,,,
does beer really cause a beer belly?,FALSE,,,,0.386685746352413,,,,
does alcohol cause beer belly?,FALSE,,,,0.386685746352413,,,,
does alcohol give you a big belly?,FALSE,,,,0.386685746352413,,,,
how do you lose belly fat quickly?,FALSE,,,,0.386685746352413,,,,
what causes a big belly in man?,FALSE,,,,0.386685746352413,,,,
is beer good for the stomach?,FALSE,,,,0.386685746352413,,,,
beer belly uk,FALSE,,,,0.3860983702818165,,,,
how can i lose a beer belly,FALSE,,,,0.29944495319194125,,,,
lose that beer belly fast,FALSE,,,,0.2980665973559988,,,,
lose a beer belly fast,FALSE,,,,0.2980665973559988,,,,
how to lose the beer belly fast,FALSE,,,,0.2980665973559988,,,,
how to lose a beer belly fat,FALSE,,,,0.29804548666311537,,,,
weight loss beer belly,FALSE,,,,0.2948269837287104,,,,
best beer belly reduction,FALSE,,,,0.2947482769513466,,,,
beer belly be gone,FALSE,,,,0.29467720714547885,,,,
is beer hot or cold for stomach?,FALSE,,,,0.2928445675219278,,,,
is a beer belly fat?,FALSE,,,,0.2928445675219278,,,,
does wine give you a beer belly?,FALSE,,,,0.2928445675219278,,,,
does beer cause fat belly?,FALSE,,,,0.2928445675219278,,,,
will beer make me fat?,FALSE,,,,0.2928445675219278,,,,
how do you lose a hard belly fat?,FALSE,,,,0.2928445675219278,,,,
what causes men's beer belly?,FALSE,,,,0.2928445675219278,,,,
how do you drink beer and stay skinny?,FALSE,,,,0.2928445675219278,,,,
does beer give you a belly?,FALSE,,,,0.2928445675219278,,,,
is beer bad for stomach?,FALSE,,,,0.2928445675219278,,,,
which beer is good for gaining weight?,FALSE,,,,0.2928445675219278,,,,
does beer really cause beer belly?,FALSE,,,,0.2928445675219278,,,,
why does beer make you gain weight?,FALSE,,,,0.2928445675219278,,,,
does drinking beer make you gain weight?,FALSE,,,,0.2928445675219278,,,,
why do i have a pot belly?,FALSE,,,,0.2928445675219278,,,,
does beer actually give you a belly?,FALSE,,,,0.2928445675219278,,,,
why does beer give you a belly?,FALSE,,,,0.2928445675219278,,,,
why do guys have beer bellies?,FALSE,,,,0.2928445675219278,,,,
can i drink beer while losing weight?,FALSE,,,,0.2928445675219278,,,,
does alcohol cause obesity?,FALSE,,,,0.2928445675219278,,,,
why do people get beer bellies?,FALSE,,,,0.2928445675219278,,,,
why do men's bellies get big?,FALSE,,,,0.2928445675219278,,,,
how do you get rid of a beer belly?,FALSE,,,,0.2928445675219278,,,,
why do alcoholics stomachs swell?,FALSE,,,,0.2928445675219278,,informational,41,2024-07-20
how do i get rid of beer belly?,FALSE,,,,0.2928445675219278,,,,
why do i have a fat deposit on my stomach?,FALSE,,,,0.2928445675219278,,,,
how do you lose stomach obesity?,FALSE,,,,0.2928445675219278,,,,
why do fat accumulate on stomach?,FALSE,,,,0.2928445675219278,,,,
how do you get rid of a beer belly without stopping drinking beer?,FALSE,,,,0.2928445675219278,,,,
how to lose beer belly for men,FALSE,,,,0.2887193264781694,,,,
lose your beer gut,FALSE,,,,0.28636530949113465,,,,
how to lose beer gut without giving up beer,FALSE,,,,0.28636530949113465,,,,
beer belly weight loss tips,FALSE,,,,0.2829027891845627,,,,
do you lose weight when you quit drinking?,FALSE,,,,0.2813045454451532,,informational,47,2024-07-20
will quitting beer help lose weight?,FALSE,,,,0.2813045454451532,,,,
does beer cause potbelly?,FALSE,,,,0.2813045454451532,,,,
does whiskey give you beer belly?,FALSE,,,,0.2813045454451532,,,,
does alcohol cause a big belly?,FALSE,,,,0.2813045454451532,,,,
can you get rid of beer belly?,FALSE,,,,0.2813045454451532,,,,
how can i drink beer without getting fat?,FALSE,,,,0.2813045454451532,,,,
does alcohol give you a belly?,FALSE,,,,0.2813045454451532,,,,
why does my stomach bloat after drinking alcohol?,FALSE,,,,0.2813045454451532,,,,
does beer make you fart?,FALSE,,,,0.2813045454451532,,,,
what actually causes a beer belly?,FALSE,,,,0.2813045454451532,,,,
does hard liquor cause beer belly?,FALSE,,,,0.2813045454451532,,,,
does alcohol cause visceral fat?,FALSE,,,,0.2813045454451532,,,,
how dangerous is a beer belly?,FALSE,,,,0.2813045454451532,,,,
why do we get beer bellies?,FALSE,,,,0.2813045454451532,,,,
why do they call it a beer belly?,FALSE,,,,0.2813045454451532,,,,
is a beer belly ascites?,FALSE,,,,0.2813045454451532,,,,
why does beer make a beer belly?,FALSE,,,,0.2813045454451532,,,,
what makes you fatter beer or liquor?,FALSE,,,,0.2813045454451532,,,,
what is the best alcohol to drink while dieting?,FALSE,,,,0.2813045454451532,,,,
does whiskey give you a beer belly?,FALSE,,,,0.2813045454451532,,,,
how do men get rid of beer bellies?,FALSE,,,,0.2813045454451532,,,,
why do beer drinkers get big bellies?,FALSE,,,,0.2813045454451532,,,,
what cause a beer belly?,FALSE,,,,0.2813045454451532,,,,
how do you get rid of a hard beer belly?,FALSE,,,,0.2813045454451532,,,,
how can i reduce my alcohol belly?,FALSE,,,,0.2813045454451532,,,,
what is a beer belly made out of?,FALSE,,,,0.2813045454451532,,,,
why does a beer belly form?,FALSE,,,,0.2813045454451532,,,,
detox beer belly,FALSE,,,,0.27928023982676065,,,,
beer belly cartoons,FALSE,,,,0.27928023982676065,,,,
beerbelly com,FALSE,,,,0.27928023982676065,,,,
how a beer belly starts,FALSE,,,,0.27928023982676065,,,,
beer belly gaining,FALSE,,,,0.27928023982676065,,,,
getting rid of my beer belly,FALSE,,,,0.27928023982676065,,,,
beer belly liver damage,FALSE,,,,0.27928023982676065,,,,
yeast beer belly,FALSE,,,,0.27928023982676065,,,,
beer drinkers belly,FALSE,,,,0.27928023982676065,,,,
get rid of that beer belly,FALSE,,,,0.27928023982676065,,,,
my beer gut,FALSE,,,,0.27928023982676065,,,,
remove beer belly fat,FALSE,,,,0.27928023982676065,,,,
loss beer belly,FALSE,,,,0.27928023982676065,,,,
how not to get a beer belly,FALSE,,,,0.27928023982676065,,,,
best workout for beer gut,FALSE,,,,0.27928023982676065,,,,
does beer get you fat?,FALSE,,,,0.2732073229715829,,,,
how do you get rid of belly fat before and after?,FALSE,,,,0.2732073229715829,,,,
how can a man get rid of a beer belly?,FALSE,,,,0.2732073229715829,,,,
is a beer belly really caused by beer?,FALSE,,,,0.2732073229715829,,,,
how does beer make your belly big?,FALSE,,,,0.2732073229715829,,,,
what exactly is a beer belly?,FALSE,,,,0.2732073229715829,,,,
can you ever get rid of a beer belly?,FALSE,,,,0.2732073229715829,,,,
does beer give you a gut?,FALSE,,,,0.2732073229715829,,,,
can i drink beer and have abs?,FALSE,,,,0.2732073229715829,,,,
can you drink beer and still get ripped?,FALSE,,,,0.2732073229715829,,,,
is a beer belly a swollen liver?,FALSE,,,,0.2732073229715829,,,,
how can i get rid of my big belly?,FALSE,,,,0.2732073229715829,,,,
will drinking beer give me a beer belly?,FALSE,,,,0.2732073229715829,,,,
what causes beer guts?,FALSE,,,,0.2732073229715829,,,,
is beer belly a real thing?,FALSE,,,,0.2732073229715829,,,,
can you lose visceral fat?,FALSE,,,,0.2732073229715829,,,,
does lager give you a beer belly?,FALSE,,,,0.2732073229715829,,,,
what is the cause of a beer belly?,FALSE,,,,0.2732073229715829,,,,
are beer bellies hard to get rid of?,FALSE,,,,0.2732073229715829,,,,
how do you get rid of a gut?,FALSE,,,,0.2732073229715829,,,,
does coffee give you belly fat?,FALSE,,,,0.2732073229715829,,,,
what is a beer belly really?,FALSE,,,,0.2732073229715829,,,,
is running good for burning belly fat?,FALSE,,,,0.2732073229715829,,,,
what is the best exercise for a beer belly?,FALSE,,,,0.2732073229715829,,,,
how do you get a beer gut?,FALSE,,,,0.2732073229715829,,,,
what's the best exercise to get rid of a beer belly?,FALSE,,,,0.2732073229715829,,,,
how do i get rid of a beer belly without exercise?,FALSE,,,,0.2732073229715829,,,,
do sit ups get rid of beer belly?,FALSE,,,,0.2732073229715829,,,,
how to lose a beer belly in 2 months,FALSE,,,,0.2726781835917059,,,,
the beer bellies,FALSE,,,,0.27225374758972815,,,,
how to get rid of beer belly women,FALSE,,,,0.27225374758972815,,,,
beer gut fat,FALSE,,,,0.27225374758972815,,,,
beer gut gain,FALSE,,,,0.27225374758972815,,,,
what is a beer belly caused from,FALSE,,,,0.27225374758972815,,,,
beer belly meaning in hindi,FALSE,,,,0.27225374758972815,,,,
a person who has a beer belly quizlet,FALSE,,,,0.27225374758972815,,,,
beer and obesity: a cross-sectional study.,FALSE,,,,0.27225374758972815,,,,
beer belly busters,FALSE,,,,0.2659486500225821,,,,
lose beer gut workout,FALSE,,,,0.2659486500225821,,,,
beer belly busting exercises,FALSE,,,,0.2659486500225821,,,,
will sit ups get rid of beer belly?,FALSE,,,,0.2659486500225821,,,,
what exercise is best for belly and love handles?,FALSE,,,,0.2659486500225821,,,,
can you get abs if you have belly fat?,FALSE,,,,0.2659486500225821,,,,
can you lose a beer gut?,FALSE,,,,0.2659486500225821,,,,
is it possible to lose belly fat in a week?,FALSE,,,,0.2659486500225821,,,,
how do you get rid of beer belly bloat?,FALSE,,,,0.2659486500225821,,,,
how can i get a flat stomach in 30 days?,FALSE,,,,0.2659486500225821,,informational,57,2024-07-05
how can i lose my beer belly without exercise?,FALSE,,,,0.2659486500225821,,,,
can you work off a beer belly?,FALSE,,,,0.2659486500225821,,,,
what causes beer belly in humans?,FALSE,,,,0.2659486500225821,,,,
can beer belly be reduced?,FALSE,,,,0.2659486500225821,,,,
what is the best way to get rid of a beer belly?,FALSE,,,,0.2659486500225821,,,,
how do you lose a beer belly without losing the beer?,FALSE,,,,0.2659486500225821,,,,
can you lose weight if you drink beer?,FALSE,,,,0.2659486500225821,,,,
how do i get rid of my beer belly fast?,FALSE,,,,0.2659486500225821,,,,
can you get a flat stomach in 2 months?,FALSE,,,,0.2659486500225821,,,,
how can i lose my beer belly in 10 days?,FALSE,,,,0.2659486500225821,,,,
how can i lose a beer belly fast?,FALSE,,,,0.2659486500225821,,,,
how can i lose my beer belly at home?,FALSE,,,,0.2659486500225821,,,,
how can i lose fat in 2 weeks?,FALSE,,,,0.2659486500225821,,,,
how long does it take to lose beer belly?,FALSE,,,,0.2659486500225821,,,,
how do you stop a protruding stomach?,FALSE,,,,0.2659486500225821,,,,
how can i lose my belly fat in a month?,FALSE,,,,0.2659486500225821,,,,
why is a beer belly so hard?,FALSE,,,,0.2659486500225821,,,,
how do you lose your gut?,FALSE,,,,0.2659486500225821,,,,
how do you get rid of alcohol belly fat?,FALSE,,,,0.2659486500225821,,,,
beer and belly queen of hearts,FALSE,,,,0.2659486500225821,,,,
how to cut down beer belly,FALSE,,,,0.2659486500225821,,,,